amfi_code,scheme_name,fund_house,category,plan,return_1yr_pct,return_3yr_pct,return_5yr_pct,benchmark_3yr_pct,alpha,beta,sharpe_ratio,sortino_ratio,std_dev_ann_pct,max_drawdown_pct,aum_crore,expense_ratio_pct,morningstar_rating,risk_grade
101207,ABSL Small Cap Fund - Regular - Growth,Aditya Birla Sun Life MF,Small Cap,Regular,24.93,22.38,23.8,20.54,1.84,0.97,0.9,1.47,25.0,-23.61,41613,1.53,5,Very High
119095,Axis Small Cap Fund - Regular - Growth,Axis Mutual Fund,Small Cap,Regular,21.97,20.98,22.62,20.47,0.51,1.0,0.84,1.4,25.0,-14.45,21545,1.38,4,Very High
118634,Nippon India Small Cap Fund - Regular - Growth,Nippon India MF,Small Cap,Regular,21.3,20.15,21.88,19.35,0.8,1.03,0.81,1.14,25.0,-30.87,43630,1.53,4,Very High
119599,SBI Small Cap Fund - Direct Plan - Growth,SBI Mutual Fund,Small Cap,Direct,20.59,23.14,21.82,22.01,1.13,1.04,0.93,1.67,25.0,-24.78,36061,0.72,4,Very High
119598,SBI Small Cap Fund - Regular Plan - Growth,SBI Mutual Fund,Small Cap,Regular,24.56,23.39,20.67,22.16,1.23,0.89,0.94,1.35,25.0,-13.35,19259,1.43,5,Very High
149324,DSP Small Cap Fund - Regular - Growth,DSP Mutual Fund,Small Cap,Regular,20.2,20.08,20.61,19.39,0.69,0.98,0.8,1.23,25.0,-17.01,35124,1.52,4,Very High
149323,DSP Midcap Fund - Regular - Growth,DSP Mutual Fund,Mid Cap,Regular,14.12,17.16,19.0,16.14,1.02,0.98,0.9,1.5,19.0,-26.99,37835,1.61,4,High
119094,Axis Midcap Fund - Regular - Growth,Axis Mutual Fund,Mid Cap,Regular,14.88,15.18,18.94,13.76,1.42,1.0,0.8,1.18,19.0,-32.38,28996,1.38,5,High
120842,Kotak Emerging Equity Fund - Regular - Growth,Kotak Mahindra MF,Mid Cap,Regular,17.12,18.23,17.75,16.32,1.91,1.0,0.96,1.27,19.0,-21.92,47469,1.56,4,High
100033,HDFC Mid-Cap Opportunities Fund - Regular - Growth,HDFC Mutual Fund,Mid Cap,Regular,15.43,16.58,17.69,15.63,0.95,0.91,0.87,1.44,19.0,-13.67,23185,1.38,5,High
